{
    "contour_2d|24|false": 3.0073370933532715,
    "heatmap|24|false": 3.5116918087005615,
    "scatter_3d|24|false": 4.019998073577881,
    "scatter_2d|24|false": 3.7083146572113037,
    "temperature|24|false": 2.500504970550537,
    "contour_3d|24|false": 5.525633811950684,
    "density|24|false": 3.5110065937042236,
    "wind_direction|24|false": 3.51031231880188,
    "contour_2d|168|false": 8.025879621505737,
    "contour_3d|168|false": 10.542526960372925,
    "scatter_2d|168|false": 10.539323568344116,
    "temperature|168|false": 5.987188816070557,
    "density|168|false": 8.02489161491394,
    "scatter_3d|168|false": 12.053517580032349,
    "wind_direction|168|false": 7.495755672454834,
    "heatmap|168|false": 6.997442722320557,
    "temperature|720|false": 10.534290552139282,
    "heatmap|720|false": 13.042981386184692,
    "scatter_3d|720|false": 18.580525875091553,
    "wind_direction|720|false": 14.544008731842041,
    "density|720|false": 17.07138967514038,
    "scatter_2d|720|false": 16.072898149490356,
    "contour_2d|720|false": 14.050870895385742,
    "contour_3d|720|false": 15.559756755828857,
    "scatter_3d|4320|false": 117.93317008018494,
    "heatmap|4320|false": 84.29775381088257,
    "wind_direction|4320|false": 79.26233959197998,
    "density|4320|false": 105.3845272064209,
    "contour_2d|4320|false": 83.30249094963074,
    "contour_3d|4320|false": 89.82098865509033,
    "scatter_2d|4320|false": 98.35474753379822,
    "temperature|4320|false": 63.702590227127075,
    "heatmap|8760|false": 0,
    "contour_2d|8760|false": 0,
    "density|8760|false": 0,
    "scatter_2d|8760|false": 0,
    "temperature|8760|false": 0,
    "contour_3d|8760|false": 0,
    "scatter_3d|8760|false": 0,
    "wind_direction|8760|false": 0,
    "scatter_3d|24|true": 3.256779193878174,
    "density|24|true": 2.2422914505004883,
    "scatter_2d|24|true": 2.253448724746704,
    "heatmap|24|true": 2.7426493167877197,
    "wind_direction|24|true": 2.2346014976501465,
    "contour_2d|24|true": 2.246943235397339,
    "temperature|24|true": 2.2373106479644775,
    "contour_3d|24|true": 3.7542624473571777,
    "scatter_2d|168|true": 2.222334861755371,
    "wind_direction|168|true": 2.7030770778656006,
    "contour_3d|168|true": 4.734841346740723,
    "density|168|true": 2.2067301273345947,
    "scatter_3d|168|true": 4.238060712814331,
    "contour_2d|168|true": 3.225999593734741,
    "heatmap|168|true": 2.7098662853240967,
    "temperature|168|true": 2.2015511989593506,
    "heatmap|720|true": 2.6686713695526123,
    "wind_direction|720|true": 2.140446901321411,
    "scatter_2d|720|true": 3.196605682373047,
    "temperature|720|true": 2.6605210304260254,
    "contour_2d|720|true": 3.193291425704956,
    "density|720|true": 2.6713430881500244,
    "contour_3d|720|true": 3.691471815109253,
    "scatter_3d|720|true": 3.1944448947906494,
    "temperature|4320|true": 3.122446298599243,
    "heatmap|4320|true": 3.6387500762939453,
    "contour_3d|4320|true": 4.6843743324279785,
    "scatter_2d|4320|true": 4.68790078163147,
    "wind_direction|4320|true": 4.144330263137817,
    "scatter_3d|4320|true": 5.203807830810547,
    "density|4320|true": 4.153146028518677,
    "contour_2d|4320|true": 4.154448986053467,
    "scatter_2d|8760|true": 0,
    "heatmap|8760|true": 0,
    "wind_direction|8760|true": 0,
    "density|8760|true": 0,
    "scatter_3d|8760|true": 0,
    "contour_3d|8760|true": 0,
    "contour_2d|8760|true": 0,
    "temperature|8760|true": 0
}
